{"accuracy": [0.15596330165863037, 0.1651376187801361, 0.1651376187801361, 0.23853211104869843, 0.17431192100048065, 0.26605504751205444, 0.1651376187801361, 0.2844036817550659, 0.22018349170684814, 0.1834862381219864, 0.23853211104869843, 0.2752293646335602, 0.31192660331726074, 0.33944955468177795, 0.3669724762439728, 0.302752286195755, 0.3302752375602722, 0.40366971492767334, 0.40366971492767334, 0.40366971492767334, 0.3302752375602722, 0.4128440320491791, 0.39449542760849, 0.44954127073287964, 0.4954128563404083], "loss": [4.696264266967773, 2.27408766746521, 1.815118670463562, 1.7880842685699463, 1.813050389289856, 1.758573055267334, 1.8142725229263306, 1.7427698373794556, 1.7349703311920166, 1.7681807279586792, 1.7312142848968506, 1.7396913766860962, 1.7182048559188843, 1.6933419704437256, 1.6140096187591553, 1.6494697332382202, 1.6738837957382202, 1.639526605606079, 1.5762165784835815, 1.512172818183899, 1.5188223123550415, 1.484977126121521, 1.4852595329284668, 1.4960190057754517, 1.3500235080718994], "val_accuracy": [0.1666666716337204, 0.1666666716337204, 0.3333333432674408, 0.2083333283662796, 0.2083333283662796, 0.125, 0.4166666567325592, 0.2916666567325592, 0.25, 0.2916666567325592, 0.2083333283662796, 0.3333333432674408, 0.0833333358168602, 0.375, 0.375, 0.2083333283662796, 0.375, 0.4166666567325592, 0.25, 0.4583333432674408, 0.5, 0.375, 0.3333333432674408, 0.4166666567325592, 0.2916666567325592], "val_loss": [2.555582284927368, 1.8058767318725586, 1.7822850942611694, 1.7737818956375122, 1.7790660858154297, 1.952256202697754, 1.7766989469528198, 1.7819751501083374, 1.7431162595748901, 1.7360767126083374, 1.7920278310775757, 1.7198385000228882, 1.7789956331253052, 1.6464691162109375, 1.5430198907852173, 1.7195032835006714, 1.6624184846878052, 1.6119121313095093, 1.5145734548568726, 1.4779316186904907, 1.544925332069397, 1.6052151918411255, 1.658909797668457, 1.576590657234192, 1.5860182046890259]}