{"accuracy": [0.302752286195755, 0.1651376187801361, 0.1651376187801361, 0.19266055524349213, 0.19266055524349213, 0.1376146823167801, 0.22018349170684814, 0.22018349170684814, 0.22018349170684814, 0.22018349170684814, 0.26605504751205444, 0.29357796907424927, 0.302752286195755, 0.302752286195755, 0.3302752375602722, 0.3211009204387665, 0.2752293646335602, 0.33944955468177795, 0.38532111048698425, 0.4220183491706848, 0.39449542760849, 0.3669724762439728, 0.4220183491706848, 0.39449542760849, 0.4220183491706848, 0.4128440320491791], "loss": [8.809094429016113, 4.629401206970215, 2.049334764480591, 1.8031059503555298, 1.7915732860565186, 1.8052465915679932, 1.7902441024780273, 1.7884364128112793, 1.7842316627502441, 1.779326319694519, 1.77440345287323, 1.758834958076477, 1.7274199724197388, 1.7103101015090942, 1.7143893241882324, 1.6614911556243896, 1.6631450653076172, 1.600356936454773, 1.5615441799163818, 1.5876346826553345, 1.5201268196105957, 1.47798490524292, 1.4833430051803589, 1.5460001230239868, 1.5576727390289307, 1.5245449542999268], "val_accuracy": [0.1666666716337204, 0.25, 0.1666666716337204, 0.125, 0.1666666716337204, 0.1666666716337204, 0.2083333283662796, 0.2916666567325592, 0.1666666716337204, 0.1666666716337204, 0.25, 0.2916666567325592, 0.4583333432674408, 0.25, 0.4583333432674408, 0.4583333432674408, 0.375, 0.375, 0.2083333283662796, 0.375, 0.5, 0.25, 0.5416666865348816, 0.3333333432674408, 0.3333333432674408, 0.375], "val_loss": [5.189786434173584, 2.3311145305633545, 1.8151286840438843, 1.7898530960083008, 1.7938867807388306, 1.7940635681152344, 1.7881441116333008, 1.7853144407272339, 1.7826961278915405, 1.7888263463974, 1.773320198059082, 1.7509323358535767, 1.6567071676254272, 1.6801600456237793, 1.6705948114395142, 1.6377067565917969, 1.5440406799316406, 1.6237190961837769, 1.818894863128662, 1.6080814599990845, 1.5175294876098633, 1.6123857498168945, 1.6665743589401245, 1.5724445581436157, 1.7194119691848755, 1.5646971464157104]}