{"accuracy": [0.8448540568351746, 0.9252431988716125, 0.9462365508079529, 0.9462365508079529, 0.9272913336753845, 0.9472606182098389, 0.9738863110542297, 0.9646697640419006, 0.9585253596305847, 0.9585253596305847, 0.9334357380867004, 0.9549410939216614, 0.9518688917160034, 0.9457245469093323, 0.9600614309310913, 0.9554531574249268, 0.9662058353424072, 0.9585253596305847, 0.9672299027442932, 0.9487967491149902, 0.9615975618362427, 0.9462365508079529, 0.9595494270324707, 0.9733743071556091, 0.9621095657348633, 0.9549410939216614, 0.9467486143112183, 0.9636456966400146, 0.9595494270324707, 0.9759344458580017, 0.9605734944343567, 0.9677419066429138, 0.9769585132598877, 0.9610854983329773, 0.9672299027442932, 0.9697900414466858, 0.9662058353424072, 0.9554531574249268, 0.9682539701461792, 0.9487967491149902, 0.9667178988456726, 0.9687659740447998, 0.9810547828674316, 0.9523809552192688, 0.9790066480636597, 0.9728622436523438, 0.9534050226211548, 0.9528929591178894, 0.9646697640419006, 0.9421402812004089, 0.9626216292381287, 0.9810547828674316, 0.9774705767631531, 0.9682539701461792, 0.9677419066429138, 0.9677419066429138, 0.9743983745574951, 0.9697900414466858, 0.9283154010772705, 0.9615975618362427, 0.9672299027442932, 0.9713261723518372, 0.9575012922286987, 0.9743983745574951, 0.9575012922286987, 0.9871991872787476, 0.9636456966400146, 0.9754224419593811, 0.9452124834060669, 0.9749103784561157, 0.9569892287254333, 0.9743983745574951, 0.9636456966400146, 0.9682539701461792, 0.9728622436523438, 0.9651817679405212, 0.9800307154655457, 0.9559651613235474, 0.9498208165168762, 0.9774705767631531, 0.9677419066429138, 0.9441884160041809, 0.9769585132598877, 0.9743983745574951, 0.9641577005386353, 0.9723502397537231, 0.9503328204154968, 0.9841269850730896, 0.9687659740447998, 0.9677419066429138, 0.9769585132598877, 0.9544290900230408, 0.9656938314437866, 0.979518711566925, 0.9708141088485718, 0.9820788502693176, 0.9672299027442932, 0.980542778968811, 0.9518688917160034, 0.9539170265197754], "loss": [1.0964018106460571, 0.8496299982070923, 0.8005828857421875, 0.7762013673782349, 0.7697252631187439, 0.7622007131576538, 0.6953229308128357, 0.7084028124809265, 0.7057609558105469, 0.6801592707633972, 0.7176210284233093, 0.6817092895507812, 0.6658216118812561, 0.7107241749763489, 0.6979312300682068, 0.6358345746994019, 0.6459493637084961, 0.6316999197006226, 0.6199655532836914, 0.6415503025054932, 0.6372216939926147, 0.6530671119689941, 0.680730938911438, 0.5717487335205078, 0.5887756943702698, 0.5849985480308533, 0.5861889123916626, 0.6131998300552368, 0.5996876955032349, 0.5195629000663757, 0.607644259929657, 0.5585469007492065, 0.5143190026283264, 0.5608782172203064, 0.5237500667572021, 0.5587695240974426, 0.5807688236236572, 0.5498290657997131, 0.5412253737449646, 0.5676308870315552, 0.527962327003479, 0.5260612368583679, 0.4870648682117462, 0.5686758160591125, 0.4724045693874359, 0.5367275476455688, 0.5080015659332275, 0.5059182047843933, 0.5076284408569336, 0.5695620775222778, 0.497469425201416, 0.45708832144737244, 0.4777584969997406, 0.49737748503685, 0.48811766505241394, 0.43881720304489136, 0.44328564405441284, 0.44742560386657715, 0.5343431234359741, 0.47625845670700073, 0.4598602056503296, 0.4508167803287506, 0.5191959142684937, 0.47426745295524597, 0.43301352858543396, 0.3455224633216858, 0.4605237543582916, 0.44295862317085266, 0.5020389556884766, 0.40741509199142456, 0.4943903088569641, 0.42205122113227844, 0.43314144015312195, 0.404451459646225, 0.3534558117389679, 0.41849151253700256, 0.42865800857543945, 0.448305606842041, 0.4334910213947296, 0.39953917264938354, 0.4260270595550537, 0.43082836270332336, 0.3516918122768402, 0.4048491418361664, 0.4137825071811676, 0.32556650042533875, 0.4217700958251953, 0.34122470021247864, 0.394816517829895, 0.3739754855632782, 0.3619382083415985, 0.3802564740180969, 0.3760002851486206, 0.37279820442199707, 0.347443550825119, 0.3387240171432495, 0.3341962695121765, 0.3252449929714203, 0.405758261680603, 0.39377325773239136], "val_accuracy": [0.7852760553359985, 0.7852760553359985, 0.8323108553886414, 0.9366053342819214, 0.9693251252174377, 0.9161553978919983, 0.9591001868247986, 0.9631901979446411, 0.9754601120948792, 0.9897750616073608, 0.9815950989723206, 0.9856850504875183, 0.9897750616073608, 0.9918200373649597, 0.9918200373649597, 0.9918200373649597, 0.9918200373649597, 0.9918200373649597, 0.9918200373649597, 1.0, 0.9959100484848022, 0.9959100484848022, 0.9959100484848022, 0.9959100484848022, 0.9959100484848022, 0.9959100484848022, 0.9959100484848022, 0.9959100484848022, 1.0, 1.0, 1.0, 1.0, 1.0, 1.0, 1.0, 0.9959100484848022, 0.9959100484848022, 1.0, 1.0, 1.0, 0.9959100484848022, 1.0, 1.0, 1.0, 0.9959100484848022, 1.0, 1.0, 0.9959100484848022, 1.0, 1.0, 0.9959100484848022, 0.9959100484848022, 0.9959100484848022, 0.9959100484848022, 0.9959100484848022, 0.9959100484848022, 0.9959100484848022, 0.9959100484848022, 0.9959100484848022, 0.9959100484848022, 0.9959100484848022, 0.9959100484848022, 0.9959100484848022, 0.9959100484848022, 1.0, 0.9959100484848022, 1.0, 0.9959100484848022, 0.9959100484848022, 0.9959100484848022, 0.9959100484848022, 0.9959100484848022, 0.9959100484848022, 0.9959100484848022, 0.9959100484848022, 0.9959100484848022, 0.9959100484848022, 0.9959100484848022, 0.9959100484848022, 0.9959100484848022, 0.9959100484848022, 0.9918200373649597, 0.9959100484848022, 0.9959100484848022, 0.9959100484848022, 0.9959100484848022, 0.9959100484848022, 0.9959100484848022, 0.9959100484848022, 0.9959100484848022, 0.9959100484848022, 0.9959100484848022, 0.9959100484848022, 0.9959100484848022, 0.9959100484848022, 0.9959100484848022, 0.9959100484848022, 0.9959100484848022, 0.9959100484848022, 0.9959100484848022], "val_loss": [1.0058960914611816, 1.0139540433883667, 0.872915506362915, 0.7113639712333679, 0.5833809971809387, 0.6579036712646484, 0.5891770720481873, 0.5096273422241211, 0.4758487045764923, 0.43148159980773926, 0.4343850910663605, 0.42160990834236145, 0.408313125371933, 0.40036943554878235, 0.38896748423576355, 0.3817231357097626, 0.37451714277267456, 0.385558545589447, 0.36331793665885925, 0.35606473684310913, 0.35230180621147156, 0.3483135402202606, 0.3452846109867096, 0.34322476387023926, 0.3388396203517914, 0.33049723505973816, 0.3315594494342804, 0.32400059700012207, 0.3190998435020447, 0.31639155745506287, 0.31407079100608826, 0.31122347712516785, 0.30503952503204346, 0.3027547001838684, 0.3014824390411377, 0.2964688241481781, 0.29454776644706726, 0.289247989654541, 0.28731569647789, 0.28519371151924133, 0.2860846519470215, 0.27706944942474365, 0.27711865305900574, 0.27092087268829346, 0.2695351243019104, 0.26619377732276917, 0.2611927092075348, 0.2649585008621216, 0.2564516067504883, 0.2550581693649292, 0.25502443313598633, 0.25195273756980896, 0.249568909406662, 0.2479640543460846, 0.24510256946086884, 0.24345970153808594, 0.2375582605600357, 0.23816831409931183, 0.23723779618740082, 0.23714208602905273, 0.23241037130355835, 0.23262053728103638, 0.22874952852725983, 0.22541581094264984, 0.2178869992494583, 0.21693122386932373, 0.21193364262580872, 0.22049658000469208, 0.21241575479507446, 0.22578021883964539, 0.22712847590446472, 0.21046261489391327, 0.210712268948555, 0.2030961513519287, 0.20122890174388885, 0.1973869800567627, 0.19489309191703796, 0.20033250749111176, 0.20314215123653412, 0.192889004945755, 0.1858789473772049, 0.1938858926296234, 0.18208444118499756, 0.17754177749156952, 0.17636950314044952, 0.17000308632850647, 0.17293401062488556, 0.16954411566257477, 0.16517885029315948, 0.17074806988239288, 0.16587258875370026, 0.16019560396671295, 0.15946319699287415, 0.15622176229953766, 0.1493249535560608, 0.14675772190093994, 0.1457449197769165, 0.14602641761302948, 0.14836639165878296, 0.14648441970348358]}