{"accuracy": [0.05166666582226753, 0.0716666653752327, 0.07000000029802322, 0.06499999761581421, 0.09000000357627869, 0.07500000298023224, 0.10999999940395355, 0.10000000149011612, 0.09000000357627869, 0.10000000149011612, 0.15000000596046448, 0.11666666716337204, 0.1433333307504654, 0.13333334028720856, 0.11833333224058151, 0.11500000208616257, 0.13833333551883698, 0.11833333224058151, 0.15333333611488342, 0.125, 0.1483333259820938, 0.15333333611488342, 0.13833333551883698, 0.15000000596046448, 0.11999999731779099, 0.15166667103767395, 0.15333333611488342, 0.19166666269302368, 0.18166667222976685, 0.14166666567325592, 0.15333333611488342, 0.15166667103767395, 0.17166666686534882, 0.1616666615009308, 0.17000000178813934, 0.17499999701976776, 0.1666666716337204, 0.19499999284744263, 0.18166667222976685, 0.18833333253860474, 0.18000000715255737, 0.1666666716337204, 0.16333332657814026, 0.2083333283662796, 0.20000000298023224, 0.21833333373069763, 0.2133333384990692, 0.18333333730697632, 0.19333332777023315, 0.21166667342185974, 0.2316666692495346, 0.21166667342185974, 0.19333332777023315, 0.22499999403953552, 0.2199999988079071, 0.22166666388511658, 0.24666666984558105, 0.21666666865348816, 0.18000000715255737, 0.2566666603088379, 0.23666666448116302, 0.24666666984558105, 0.25, 0.2383333295583725, 0.24666666984558105, 0.23666666448116302, 0.2266666740179062, 0.21666666865348816, 0.2683333456516266, 0.25833332538604736, 0.2616666555404663, 0.25, 0.2983333468437195, 0.20666666328907013, 0.24666666984558105, 0.2783333361148834, 0.24166665971279144, 0.24833333492279053, 0.29499998688697815, 0.273333340883255, 0.2683333456516266, 0.2516666650772095, 0.26499998569488525, 0.28166666626930237, 0.30000001192092896, 0.2866666615009308, 0.2800000011920929, 0.27000001072883606, 0.22833333909511566, 0.30000001192092896, 0.3033333420753479, 0.24500000476837158, 0.3016666769981384, 0.32499998807907104, 0.2800000011920929, 0.3233333230018616, 0.3283333480358124, 0.3083333373069763, 0.31333333253860474, 0.30666667222976685, 0.28333333134651184, 0.32499998807907104, 0.3383333384990692, 0.33000001311302185, 0.3316666781902313, 0.28833332657814026], "loss": [3.2620813846588135, 3.154240369796753, 3.090230703353882, 3.0425093173980713, 2.949007272720337, 2.9548707008361816, 2.891887903213501, 2.9193203449249268, 2.867030143737793, 2.877232789993286, 2.8045217990875244, 2.8422906398773193, 2.783810615539551, 2.8080315589904785, 2.788619041442871, 2.794780969619751, 2.797093152999878, 2.7693774700164795, 2.713805675506592, 2.7440388202667236, 2.693866491317749, 2.6925811767578125, 2.736477851867676, 2.661756753921509, 2.7571792602539062, 2.6785900592803955, 2.6602847576141357, 2.5877299308776855, 2.6214957237243652, 2.597661018371582, 2.592193365097046, 2.6397995948791504, 2.589963674545288, 2.598459005355835, 2.650008201599121, 2.542783498764038, 2.6331281661987305, 2.54154109954834, 2.5676515102386475, 2.531092882156372, 2.538313865661621, 2.491166591644287, 2.5777955055236816, 2.4798059463500977, 2.5316925048828125, 2.467555284500122, 2.443873167037964, 2.562647819519043, 2.4930481910705566, 2.518977642059326, 2.4378302097320557, 2.4588186740875244, 2.5252537727355957, 2.4447195529937744, 2.466115951538086, 2.4916093349456787, 2.388467311859131, 2.393706798553467, 2.511229991912842, 2.3692400455474854, 2.3875744342803955, 2.3864312171936035, 2.3510191440582275, 2.3517005443573, 2.399229049682617, 2.4061341285705566, 2.382760524749756, 2.4459311962127686, 2.2820651531219482, 2.438809633255005, 2.2697901725769043, 2.3284337520599365, 2.277878761291504, 2.479170083999634, 2.3208303451538086, 2.2701575756073, 2.3469698429107666, 2.3389899730682373, 2.238589286804199, 2.333611249923706, 2.303579807281494, 2.2968943119049072, 2.3416337966918945, 2.2718238830566406, 2.1883842945098877, 2.300950527191162, 2.2540931701660156, 2.311058521270752, 2.3960788249969482, 2.205169916152954, 2.2410547733306885, 2.377135992050171, 2.1071386337280273, 2.090120315551758, 2.2758657932281494, 2.1986937522888184, 2.088017463684082, 2.100456714630127, 2.1304938793182373, 2.1786317825317383, 2.2403972148895264, 2.2330501079559326, 2.0333633422851562, 2.1156039237976074, 2.1549203395843506, 2.198265314102173], "val_accuracy": [0.03999999910593033, 0.046666666865348816, 0.0533333346247673, 0.05999999865889549, 0.06666667014360428, 0.07333333045244217, 0.07999999821186066, 0.07999999821186066, 0.07999999821186066, 0.07999999821186066, 0.07333333045244217, 0.07999999821186066, 0.07999999821186066, 0.08666666597127914, 0.07999999821186066, 0.09333333373069763, 0.09333333373069763, 0.10000000149011612, 0.09333333373069763, 0.1066666692495346, 0.1066666692495346, 0.1066666692495346, 0.13333334028720856, 0.11999999731779099, 0.12666666507720947, 0.11999999731779099, 0.13333334028720856, 0.11999999731779099, 0.1133333370089531, 0.11999999731779099, 0.13333334028720856, 0.13333334028720856, 0.14000000059604645, 0.14000000059604645, 0.14000000059604645, 0.14000000059604645, 0.14666666090488434, 0.14666666090488434, 0.14000000059604645, 0.13333334028720856, 0.13333334028720856, 0.11999999731779099, 0.14000000059604645, 0.14000000059604645, 0.13333334028720856, 0.13333334028720856, 0.13333334028720856, 0.13333334028720856, 0.13333334028720856, 0.13333334028720856, 0.13333334028720856, 0.12666666507720947, 0.13333334028720856, 0.12666666507720947, 0.14000000059604645, 0.12666666507720947, 0.14666666090488434, 0.14666666090488434, 0.14666666090488434, 0.14000000059604645, 0.14000000059604645, 0.13333334028720856, 0.14000000059604645, 0.14666666090488434, 0.14666666090488434, 0.14666666090488434, 0.14666666090488434, 0.14000000059604645, 0.14000000059604645, 0.13333334028720856, 0.14000000059604645, 0.14666666090488434, 0.13333334028720856, 0.13333334028720856, 0.13333334028720856, 0.13333334028720856, 0.14000000059604645, 0.14000000059604645, 0.14000000059604645, 0.14000000059604645, 0.13333334028720856, 0.13333334028720856, 0.13333334028720856, 0.14000000059604645, 0.14000000059604645, 0.13333334028720856, 0.14000000059604645, 0.13333334028720856, 0.13333334028720856, 0.14000000059604645, 0.14000000059604645, 0.14000000059604645, 0.14000000059604645, 0.15333333611488342, 0.14666666090488434, 0.15333333611488342, 0.15333333611488342, 0.14000000059604645, 0.13333334028720856, 0.13333334028720856, 0.14666666090488434, 0.14666666090488434, 0.14666666090488434, 0.14000000059604645, 0.14000000059604645, 0.13333334028720856],